,S219,S120
ADGRG1,100,100
TRIM21,100,100
IL15,100,100
MMP10,100,100
SOST,100,100
SOD2,100,100
POMC,100,100
KLRF1,100,100
MMP12,100,99
IL10,100,99
CPM,100,99
BPIFB1,100,98
GALNT5,100,97
ITGB6,100,96
CCDC80,100,96
CDCP1,100,95
POF1B,100,95
CAPS,100,95
CEACAM5,99,95
EDIL3,100,93
KDR,100,92
SELPLG,100,92
CLEC4G,100,92
CCL27,100,92
DDC,100,92
FUT3_FUT5,100,90
KRT19,95,90
ROBO2,93,90
CXCL14,100,89
KRT8,90,88
PRSS8,100,87
AGR2,100,86
SCGB1A1,98,86
AOC3,93,86
WNT9A,100,84
IGFBPL1,93,84
TNFRSF13B,99,83
LYPD3,100,82
GZMA,94,82
APOD,93,82
KLK11,87,82
IL17D,82,82
CRLF1,47,82
FCRL6,95,81
MLN,94,80
ICAM5,100,79
OXCT1,98,79
NELL2,89,79
AREG,100,78
ELN,90,78
GIP,100,77
CXCL17,91,77
FNDC1,98,76
ADAMTS16,87,76
CAPN3,75,76
CRH,93,74
FCRL2,99,73
S100A14,93,72
SERPINA9,91,72
CNTN3,91,72
CGB3_CGB5_CGB8,94,71
DPP4,93,71
STC2,81,71
CX3CL1,83,70
LMNB2,59,70
CXCL11,90,68
TSPAN1,88,68
TCL1A,80,68
CHIT1,63,68
CD93,93,67
PRG3,81,67
C2,89,66
S100A16,97,65
MMP7,86,64
BOC,63,64
CBLN4,100,63
HAVCR1,92,63
IL1RL2,85,63
SPINK6,84,63
CLUL1,79,62
PCDH12,47,62
PXDNL,78,61
IGSF9,73,59
GNLY,56,59
MUC2,54,58
PAPPA,81,56
CRTAC1,70,56
EPCAM,88,55
TFRC,79,55
SERPINA3,56,55
LECT2,37,55
SCARF1,79,54
TNFSF11,75,54
FLT3LG,72,54
TMPRSS15,71,54
TNFRSF11B,38,54
M6PR,62,53
ZP3,77,52
FCER2,76,52
PRELP,57,52
DCN,51,52
LEFTY2,44,52
VIT,34,52
NTRK2,53,51
MEP1A,40,51
HRG,82,50
WARS,62,50
TNNI3,44,50
PEAR1,39,50
SMAD5,64,49
BST2,56,49
HYAL1,43,49
PCDH7,38,49
SPINT1,71,48
IL5RA,62,48
CNTN4,59,48
DLK1,41,48
SCGN,69,47
TSPAN8,63,47
CDH1,57,47
ACY3,53,47
DCBLD2,29,47
ORM1,17,47
LGALS7_LGALS7B,77,46
ALDH3A1,47,46
CHI3L1,30,46
LGALS4,3,46
ANGPTL4,84,45
FABP2,79,45
FABP6,27,45
VNN1,80,44
APOA4,59,44
TACSTD2,50,43
FCN2,22,43
KLRB1,17,43
LY9,76,42
LAP3,58,42
CXCL10,18,42
ITGAV,75,41
CLEC10A,63,41
TREH,40,41
EPS8L2,100,40
PYY,69,40
CTSD,44,40
AXL,25,39
CA4,2,39
SCGB3A1,62,38
PTPRZ1,32,38
MFAP4,31,38
DPT,23,38
PRSS22,71,37
CLEC1A,8,37
LYPD8,6,37
CD207,50,36
DUSP13,33,36
LY96,71,35
TFF3,46,35
DRAXIN,31,35
CCN5,26,35
CXCL13,1,35
DPP10,33,34
TG,5,34
CLC,4,34
REG4,40,33
GPNMB,31,33
CKMT1A_CKMT1B,26,33
CNTN1,18,33
APOE,5,33
CSF2,54,32
GMPR,44,32
CES2,26,32
LGMN,15,32
PLXNB2,15,32
MSMB,67,31
F9,40,31
TNFSF10,3,31
SELL,3,31
PPL,48,30
GPHA2,36,30
NCR1,19,30
NFASC,12,30
LAMA4,11,30
GID8,6,30
FGF5,45,29
LGALS3,35,29
TYMP,24,29
PKD1,18,29
MMP3,1,29
CD160,63,28
AGR3,44,28
CDHR2,36,28
IGFBP6,31,28
CEACAM6,26,28
MUC13,18,28
DKK3,13,28
MYLPF,8,28
LILRA5,4,28
FAM3D,30,27
CRYBB2,25,27
CA9,24,27
CBLIF,19,27
CLIC5,12,27
AKR1B10,11,27
VWC2,16,26
GRPEL1,15,26
CHRDL1,12,26
FLT4,1,26
CDH2,59,25
AMBP,49,25
PEPD,42,25
SDHB,33,25
CHL1,27,25
ITGBL1,23,25
ZBTB16,19,25
DNPEP,19,25
CCL22,18,25
MYOM2,7,25
RRM2,0,25
WFDC2,93,24
COX5B,34,24
LIPF,10,24
TNFSF13B,1,24
GDF15,40,23
ATRN,26,23
OGN,21,23
SNCG,28,22
SCARA5,28,22
RSPO1,16,22
SLAMF1,10,22
CCL11,10,22
CRX,3,22
CHRDL2,0,22
CCL25,16,21
ADAMTSL4,15,21
GFAP,11,21
SPINK4,8,21
XCL1,7,21
PPP1R14D,7,21
IFIT1,7,21
ADGRB3,68,20
LTBP2,27,20
CD80,12,20
CTRL,10,20
SERPINA12,7,20
PRND,7,20
TNFRSF10B,71,19
RTBDN,30,19
BMP4,28,19
SEZ6L,20,19
ADGRE5,17,19
MEPE,13,19
LHB,9,19
CDH17,8,19
TRIM24,7,19
TPSAB1,6,19
FUOM,1,19
SEMA7A,0,19
YAP1,55,18
AFM,28,18
GUCA2A,19,18
COL24A1,17,18
APOF,12,18
GASK1A,0,18
TNFRSF10A,32,17
MANSC4,27,17
TNFRSF13C,19,17
XG,19,17
PYDC1,18,17
DKKL1,13,17
SOX9,6,17
L1CAM,5,17
CCL8,0,17
TFF1,18,16
PDGFRA,10,16
PRR4,3,16
GIMAP7,39,15
CFD,36,15
HJV,13,15
FAM3B,11,15
C1QBP,9,15
SPON1,8,15
ASAH2,8,15
GGH,7,15
PTPRB,6,15
SERPIND1,5,15
ITGA11,4,15
AKR7L,4,15
SELENOP,4,15
MAP2,4,15
MSLN,2,15
ADGRD1,2,15
MSR1,18,14
TCTN3,8,14
COL9A1,7,14
FGF21,6,14
BGLAP,5,14
S100G,4,14
PRL,3,14
TIMP4,3,14
KLRK1,3,14
FCRL1,1,14
BPIFA2,1,14
DIPK1C,1,14
SPARCL1,0,14
SETMAR,29,13
TREM2,19,13
CRIP2,18,13
CFH,15,13
OCLN,12,13
CPE,11,13
RTN4R,6,13
LY75,5,13
ISLR2,3,13
SLC51B,3,13
SEMA4D,2,13
CFHR5,2,13
CD99L2,0,13
SBSN,0,13
TNFRSF17,0,13
TFF2,19,12
PI3,14,12
GDF2,10,12
ALCAM,9,12
MAMDC4,6,12
ADAMTS8,4,12
PCSK9,3,12
SUSD2,3,12
EPHA4,3,12
TFPI2,2,12
MAG,2,12
CNTNAP2,1,12
CD84,1,12
CD226,1,12
IFIT3,33,11
PTPRN2,31,11
ERBB2,13,11
DEFB4A_DEFB4B,5,11
ERBB4,4,11
SLC39A5,4,11
CALB2,2,11
MEGF10,1,11
SSB,1,11
PLA2G1B,0,11
APOL1,0,11
PROS1,15,10
ITPA,7,10
CLEC14A,6,10
HGFAC,6,10
ITIH1,6,10
NRCAM,4,10
AHNAK2,4,10
CDSN,3,10
PAMR1,2,10
FGF19,1,10
GP1BA,1,10
TTF2,1,10
F3,0,10
IL2,0,10
LCP1,0,10
SPINK2,0,10
SERPINF2,0,10
SCARB2,71,9
TAFA5,20,9
NMT1,8,9
ECHDC3,7,9
SFTPD,6,9
FGFR2,5,9
CTSE,2,9
ANGPT2,1,9
ADGRE2,1,9
BCL2,1,9
GPA33,0,9
PRTG,0,9
IL7,0,9
SLAMF7,0,9
LGALS9,0,9
CCN3,0,9
CXCL16,0,9
ENO3,0,9
C9,0,9
MST1,0,9
PNLIPRP1,0,9
SORCS2,17,8
DKK4,16,8
REG1A,10,8
SIGLEC6,8,8
CRYM,6,8
MYL1,4,8
CD27,3,8
CCL16,3,8
PBXIP1,3,8
NEFL,2,8
IDUA,1,8
FCRL3,1,8
ACY1,1,8
CRTAM,1,8
CALY,1,8
MYOM3,1,8
CD79B,0,8
GYS1,0,8
PON2,0,8
ENG,0,8
CD274,0,8
FLRT2,0,8
IL7R,0,8
NDUFA5,0,8
PBK,0,8
TK1,0,8
AMOTL2,0,8
SERPINI2,0,8
TGM2,14,7
GFRA3,6,7
CRISP2,5,7
NPPC,5,7
ECHS1,5,7
SERPINB9,4,7
SMS,4,7
NFIC,4,7
DYNLT3,3,7
FOLR1,2,7
EVPL,2,7
ACAN,1,7
CD109,1,7
EXOSC10,1,7
SNX2,1,7
PALM,1,7
KIR3DL1,0,7
ALPP,0,7
CALB1,0,7
NBL1,0,7
MICB_MICA,0,7
SDC4,0,7
COL4A1,0,7
GSTA1,0,7
CD55,0,7
C19orf12,0,7
TNR,0,7
RGMA,0,7
PTPRC,0,7
SMPD3,0,7
PER3,0,7
PNMA2,0,7
PCDHB15,0,7
AHSA1,0,7
SSC5D,7,6
IL10RB,5,6
ITGB1BP2,5,6
HEBP1,3,6
CYTL1,3,6
FABP1,2,6
FBLN2,2,6
TP53,1,6
HSPB6,1,6
AGRP,1,6
CASQ2,1,6
STX7,1,6
DEFB103A_DEFB103B,1,6
GH2,0,6
CNTN2,0,6
DLL1,0,6
IL32,0,6
HSD11B1,0,6
ICAM4,0,6
SCGB3A2,0,6
CDHR5,0,6
ICAM2,0,6
MCAM,0,6
OSMR,0,6
DCTN6,0,6
MFGE8,0,6
MYOC,0,6
ROBO4,0,6
FGA,0,6
ATXN2L,0,6
LRTM2,0,6
MTHFD2,0,6
UNG,0,6
GPR15L,0,6
GPIHBP1,0,6
HPCAL1,16,5
CCL24,4,5
ICOSLG,3,5
OGFR,2,5
EDA2R,2,5
FBP1,2,5
F7,2,5
GBP2,1,5
JCHAIN,1,5
PCOLCE,1,5
RARRES2,1,5
ANXA10,1,5
PRG2,1,5
ADH1B,1,5
CGN,1,5
GFRAL,1,5
CEACAM16,1,5
NDUFS6,0,5
AKT3,0,5
DPEP2,0,5
CCL7,0,5
CCL28,0,5
NTF3,0,5
MSTN,0,5
TSHB,0,5
LGALS1,0,5
TYRO3,0,5
ICAM3,0,5
FUCA1,0,5
ADA2,0,5
CD300LG,0,5
GRP,0,5
GATD3,0,5
CPXM2,0,5
LILRA3,0,5
LAMP1,0,5
S100A13,0,5
PLCB1,0,5
C5,0,5
SERPINA5,0,5
FBN2,0,5
TLR2,0,5
EFCAB2,0,5
NMI,11,4
PLXDC2,6,4
ISM1,3,4
CA6,3,4
CA12,2,4
NCS1,2,4
ACP5,2,4
PRTN3,2,4
PROC,1,4
ECE1,1,4
LPP,1,4
MAN1A2,1,4
RAB10,1,4
CHP1,1,4
LCN15,1,4
RARRES1,0,4
PDGFC,0,4
BGN,0,4
S100A12,0,4
CD300E,0,4
HBEGF,0,4
PODXL2,0,4
ITGA6,0,4
PTPRM,0,4
VEGFA,0,4
TNFRSF4,0,4
IL12B,0,4
CD22,0,4
ENPP7,0,4
IL18,0,4
REN,0,4
PLAT,0,4
TIE1,0,4
MFAP5,0,4
CDH5,0,4
CES1,0,4
FABP4,0,4
FCGR3B,0,4
CCL18,0,4
TPPP3,0,4
CSF2RA,0,4
CDH15,0,4
CNTN5,0,4
CPA2,0,4
B4GAT1,0,4
BCAM,0,4
TPR,0,4
RAB39B,0,4
APOBR,0,4
PNMA1,0,4
MAMDC2,0,4
TLR1,0,4
SSBP1,0,4
SEMA3G,0,4
CPA4,0,4
SOD3,0,4
GSR,0,4
BCHE,0,4
PLG,0,4
BRME1,0,4
TFAP2A,0,4
SNAP25,0,4
UROS,0,4
LEO1,0,4
GART,0,4
ALDH5A1,0,4
CEP350,0,4
PHLDB2,0,4
PFDN4,0,4
VPS28,0,4
TMED1,0,4
TEX33,0,4
ALDH2,0,4
LTB,0,4
REG3G,0,4
CHCHD6,0,4
CD101,0,4
FKBP5,7,3
PRDX3,3,3
ADAM22,3,3
CD8A,3,3
RNASE4,3,3
DNAJA4,3,3
KRT18,2,3
TNFRSF12A,2,3
ATXN10,2,3
CALCA,2,3
NFATC3,1,3
COLEC12,1,3
IVD,1,3
L3HYPDH,1,3
DENR,1,3
SCP2,0,3
AARSD1,0,3
RSPO3,0,3
CXCL8,0,3
IL20RA,0,3
RAB37,0,3
LRRN1,0,3
HLA.DRA,0,3
CD6,0,3
CCL4,0,3
AGRN,0,3
PTN,0,3
VAMP5,0,3
SSC4D,0,3
ADGRG2,0,3
ROR1,0,3
PAM,0,3
ITGB2,0,3
LDLR,0,3
BLMH,0,3
REG1B,0,3
SERPINE1,0,3
ICAM1,0,3
COMP,0,3
DUSP3,0,3
TDRKH,0,3
GBP4,0,3
MRPL46,0,3
FOSB,0,3
MATN3,0,3
OXT,0,3
TNFRSF1B,0,3
NPTX1,0,3
KIF1C,0,3
CD2,0,3
GADD45GIP1,0,3
GNPDA1,0,3
MYBPC2,0,3
NIT1,0,3
HBZ,0,3
BCAT1,0,3
CPQ,0,3
SLC4A1,0,3
PTGES2,0,3
NEDD4L,0,3
ZBP1,0,3
MRPS16,0,3
TYRP1,0,3
CPOX,0,3
GLI2,0,3
STX5,0,3
AMOT,0,3
MXRA8,0,3
SDK2,0,3
TCN1,0,3
LYVE1,0,3
CFI,0,3
CD5L,0,3
C3,0,3
SH3BGRL2,0,3
BHLHE40,0,3
CTNNA1,0,3
KLF4,0,3
BATF,0,3
CABP2,0,3
LRRC38,0,3
FZD10,0,3
DLGAP5,0,3
SEPTIN3,0,3
OSBPL2,0,3
SPRR3,0,3
MORN4,0,3
PAIP2B,0,3
DCDC2C,0,3
CDK1,0,3
MYH7B,0,3
ARAF,0,3
CA7,0,3
TET2,0,3
SHPK,0,3
FUT1,0,3
RAB2B,0,3
FNTA,0,3
ACRBP,0,3
SLC13A1,0,3
LAMTOR5,0,3
VSIG2,5,2
TFPI,2,2
HMGCL,2,2
HDDC2,2,2
NFU1,2,2
DDX58,1,2
GALNT10,1,2
IL12A_IL12B,1,2
LMOD1,1,2
APOA1,1,2
KIAA0319,1,2
DOK1,1,2
INSL5,1,2
DUT,1,2
CHAC2,0,2
FMR1,0,2
GCG,0,2
PDP1,0,2
MAGED1,0,2
STX6,0,2
FLT3,0,2
KIR2DL3,0,2
STX16,0,2
TNF,0,2
AKR1B1,0,2
KLK13,0,2
LYN,0,2
RBP2,0,2
CLMP,0,2
NECTIN4,0,2
ITGB5,0,2
PRKCQ,0,2
MILR1,0,2
TNF.1,0,2
TANK,0,2
ARNT,0,2
LSP1,0,2
PSIP1,0,2
HEXIM1,0,2
CLSTN2,0,2
CCL13,0,2
CCL21,0,2
GAL,0,2
CD276,0,2
CEBPB,0,2
IL6.2,0,2
GLO1,0,2
CNST,0,2
SIGLEC7,0,2
IL6ST,0,2
KITLG,0,2
SDC1,0,2
ENPP2,0,2
EGFR,0,2
QPCT,0,2
CA3,0,2
NRP1,0,2
CCL14,0,2
PFDN2,0,2
FKBP7,0,2
SLC16A1,0,2
NOS3,0,2
METAP1,0,2
TNFSF14,0,2
HNMT,0,2
CCL19,0,2
NRP2,0,2
MMP9,0,2
NOMO1,0,2
ABCA2,0,2
NOS2,0,2
KRT17,0,2
PGLYRP4,0,2
MED21,0,2
CCER2,0,2
FSHB,0,2
ENPP6,0,2
MYL4,0,2
AHNAK,0,2
NUDT10,0,2
ANP32C,0,2
HRC,0,2
COQ7,0,2
LONP1,0,2
FCAMR,0,2
MELTF,0,2
NPTX2,0,2
PRAP1,0,2
NPC2,0,2
AMDHD2,0,2
ADAMTSL2,0,2
BLNK,0,2
GIPR,0,2
CD7,0,2
BABAM1,0,2
ZNF174,0,2
TPSG1,0,2
HMCN2,0,2
JAM3,0,2
INHBB,0,2
TREML1,0,2
PI16,0,2
LCAT,0,2
NEXN,0,2
PGLYRP2,0,2
APCS,0,2
LGALS3BP,0,2
LPA,0,2
TMPRSS11B,0,2
IFNL2,0,2
TSPAN7,0,2
SCN3A,0,2
SCN2B,0,2
SORBS1,0,2
SPACA5_SPACA5B,0,2
DSCAM,0,2
RLN1,0,2
CCDC50,0,2
LMOD1.2,0,2
TSC22D1,0,2
LETM1,0,2
C1QTNF6,0,2
CSNK2A1,0,2
EIF1AX,0,2
GIPC2,0,2
FOS,0,2
GRSF1,0,2
THAP12,0,2
CLINT1,0,2
RAD51,0,2
PPP1R12B,0,2
CMIP,0,2
PCSK7,0,2
TARS1,0,2
SNX18,0,2
ESYT2,10,1
MAX,3,1
SCRG1,3,1
MKI67,3,1
GBP1,3,1
RBP7,3,1
PTGDS,2,1
ACYP1,2,1
AKT2,2,1
GLYR1,2,1
ICA1,1,1
CD200,1,1
SHMT1,1,1
DNPH1,1,1
PTEN,1,1
RGMB,1,1
GP6,1,1
BOLA2_BOLA2B,1,1
SDCCAG8,1,1
DNAJC9,1,1
FEN1,0,1
ATG4A,0,1
BAIAP2,0,1
PLXDC1,0,1
GFER,0,1
HPGDS,0,1
ACAA1,0,1
GSAP,0,1
RRM2B,0,1
ATP6AP2,0,1
LSM1,0,1
SLAMF8,0,1
FCGR2B,0,1
GFOD2,0,1
BIRC2,0,1
KLK12,0,1
MAEA,0,1
GSTA3,0,1
ARSB,0,1
PDCD1LG2,0,1
LRP1,0,1
INPP1,0,1
DPP6,0,1
IGF1R,0,1
IL6,0,1
CDKN1A,0,1
ATP6V1D,0,1
PODXL,0,1
SIRT2,0,1
CCN1,0,1
NUDT2,0,1
SEMA4C,0,1
DRG2,0,1
PVALB,0,1
HAO1,0,1
S100A4,0,1
KLK10,0,1
MANSC1,0,1
TEK,0,1
NT5E,0,1
PPY,0,1
DCXR,0,1
JUN,0,1
SIT1,0,1
NRTN,0,1
SPRY2,0,1
IL1B,0,1
IL12RB1,0,1
IL1A,0,1
ENAH,0,1
IL15RA,0,1
OSM,0,1
GZMB,0,1
LTA,0,1
PIK3AP1,0,1
CEACAM21,0,1
NCF2,0,1
BANK1,0,1
BACH1,0,1
SULT2A1,0,1
METAP1D,0,1
SIGLEC10,0,1
ADA,0,1
VEGFD,0,1
CXCL8.1,0,1
KLRD1,0,1
IL16,0,1
KYNU,0,1
TLR3,0,1
MERTK,0,1
CD48,0,1
LY6D,0,1
PKLR,0,1
CTRC,0,1
WFIKKN2,0,1
ROBO1,0,1
CSF1,0,1
SIRPB1,0,1
ANGPTL2,0,1
PLAUR,0,1
PNLIPRP2,0,1
SERPINB5,0,1
CHEK2,0,1
DNAJB8,0,1
MFAP3,0,1
AKR1C4,0,1
ENTPD6,0,1
ADAM15,0,1
EPHX2,0,1
TP53INP1,0,1
MTPN,0,1
ZBTB17,0,1
RCOR1,0,1
CGREF1,0,1
NPDC1,0,1
CTSL,0,1
THBD,0,1
FAM3C,0,1
MNDA,0,1
PDCD6,0,1
CLEC5A,0,1
PLA2G2A,0,1
MEGF9,0,1
CPB1,0,1
HYOU1,0,1
FAS,0,1
LILRB5,0,1
RETN,0,1
FAP,0,1
AMY2A,0,1
PLTP,0,1
EPHB4,0,1
PDGFRB,0,1
PGLYRP1,0,1
NID1,0,1
DEFA1_DEFA1B,0,1
CNDP1,0,1
ITIH3,0,1
THBS4,0,1
KIT,0,1
EFEMP1,0,1
ANGPTL3,0,1
RASA1,0,1
FGR,0,1
GSTP1,0,1
GKN1,0,1
TIGAR,0,1
PRTFDC1,0,1
TST,0,1
TNF.3,0,1
GDNF,0,1
PBLD,0,1
SESTD1,0,1
ODAM,0,1
ANXA5,0,1
SIGLEC15,0,1
TDGF1,0,1
RHOC,0,1
MAD1L1,0,1
EREG,0,1
PHOSPHO1,0,1
LPO,0,1
LAIR2,0,1
OBP2B,0,1
CD63,0,1
ASGR1,0,1
FUT8,0,1
CST5,0,1
EIF4B,0,1
GPC5,0,1
CHGB,0,1
VTA1,0,1
SMPD1,0,1
VSIG4,0,1
FCRL5,0,1
NID2,0,1
CD177,0,1
HAVCR2,0,1
ITGAM,0,1
GGT1,0,1
PECAM1,0,1
PRKD2,0,1
ECI2,0,1
FDX2,0,1
CPTP,0,1
TTN,0,1
GSTM4,0,1
KRT6C,0,1
CEP112,0,1
USP47,0,1
IGHMBP2,0,1
IFNW1,0,1
FRMD4B,0,1
HMGCS1,0,1
NFX1,0,1
MMUT,0,1
SLC12A2,0,1
HCG22,0,1
CYP24A1,0,1
MEGF11,0,1
MRPL24,0,1
SNU13,0,1
EIF2AK3,0,1
ATP2B4,0,1
VSIG10L,0,1
REXO2,0,1
DMD,0,1
EDN1,0,1
PECR,0,1
RNF149,0,1
PRRT3,0,1
SCPEP1,0,1
FSTL1,0,1
DMP1,0,1
ITPR1,0,1
TCOF1,0,1
NGFR,0,1
MAN2B2,0,1
COX6B1,0,1
UBE2L6,0,1
HEPH,0,1
SGSH,0,1
FAM20A,0,1
UPB1,0,1
ACADSB,0,1
ASPN,0,1
CHGA,0,1
HPSE,0,1
POSTN,0,1
TNN,0,1
ISM2,0,1
PPM1B,0,1
LRIG3,0,1
PTP4A3,0,1
TSC1,0,1
CD36,0,1
ADAM12,0,1
CCNE1,0,1
ALPI,0,1
TLR4,0,1
ESR1,0,1
AFAP1,0,1
ITGA2,0,1
CELSR2,0,1
NHLRC3,0,1
CRELD1,0,1
FGFR4,0,1
DDI2,0,1
COL5A1,0,1
DIPK2B,0,1
RIDA,0,1
CD72,0,1
SHBG,0,1
ACE,0,1
DBH,0,1
AMY1A_AMY1B_AMY1C,0,1
CTBS,0,1
RNASE1,0,1
ABO,0,1
CFB,0,1
CFHR4,0,1
SERPING1,0,1
SERPINC1,0,1
TXNL1,0,1
OMP,0,1
PCARE,0,1
FH,0,1
LELP1,0,1
UPK3A,0,1
GRIN2B,0,1
KIRREL1,0,1
KIF20B,0,1
DNLZ,0,1
RAB3GAP1,0,1
AMIGO1,0,1
DTX2,0,1
C2orf69,0,1
SOWAHA,0,1
MRI1,0,1
SLC44A4,0,1
DOC2B,0,1
CLNS1A,0,1
AP2B1,0,1
LYSMD3,0,1
OSTN,0,1
IFT20,0,1
SV2A,0,1
SEZ6,0,1
COL28A1,0,1
INPP5J,0,1
NRN1,0,1
RBFOX3,0,1
CDK5RAP3,0,1
KLHL41,0,1
ARHGEF10,0,1
TMEM25,0,1
EIF4G3,0,1
MRPL28,0,1
ARFIP1,0,1
HLA.A,0,1
AZI2,0,1
RGCC,0,1
MORC3,0,1
SPTLC1,0,1
GSTT2B,0,1
CCAR2,0,1
AMPD3,0,1
TIMM8A,0,1
CRYGD,0,1
SMTN,0,1
GATA3,0,1
ERCC1,0,1
CDC123,0,1
KHDC3L,0,1
REST,0,1
IZUMO1,0,1
IGLON5,0,1
CYB5A,0,1
SLIRP,0,1
BTNL10,0,1
DNAJA1,0,1
PDIA5,0,1
MLLT1,0,1
PDIA2,0,1
CD82,0,1
TPPP2,0,1
SEPTIN7,0,1
RNF43,0,1
SH3GL3,0,1
ARHGAP30,0,1
NEK7,0,1
CEACAM18,0,1
PARD3,0,1
ZNF75D,0,1
SERPINH1,0,1
ITGAX,0,1
IL2RG,0,1
INSL4,0,1
LARP1,0,1
SMPDL3B,0,1
WDR46,0,1
KIAA2013,0,1
VSIG10,0,1
LUZP2,0,1
IL22,0,1
BCL7B,0,1
KLK15,0,1
TRIM58,0,1
PRC1,0,1
ENOPH1,0,1
PTPRH,0,1
SLMAP,0,1
EIF2AK2,0,1
CEACAM19,0,1
MCTS1,0,1
SLC9A3R2,0,1
IDO1.3,0,1
GIPC3,0,1
ACOT13,0,1
IFNAR1,0,1
PSCA,0,1
PPP2R5A,0,1
PSMG4,4,0
REEP4,2,0
HTRA2,1,0
DECR1,1,0
NUDC,1,0
NADK,1,0
WWP2,1,0
FKBP4,1,0
LGALS8,1,0
CPPED1,1,0
LMOD1.1,1,0
CIT,1,0
CACNB3,1,0
DNAJB14,1,0
ARF6,1,0
OGA,1,0
ADCYAP1R1,0,0
UXS1,0,0
LTBP3,0,0
PRKRA,0,0
NAMPT,0,0
CLEC6A,0,0
SUGT1,0,0
GNE,0,0
AIF1,0,0
CEACAM3,0,0
CRACR2A,0,0
EGFL7,0,0
MAP3K5,0,0
SLAMF6,0,0
FUS,0,0
ENTPD2,0,0
CFC1,0,0
CD28,0,0
BAMBI,0,0
ITGB1BP1,0,0
TPMT,0,0
FOXO3,0,0
NFKBIE,0,0
LYAR,0,0
PQBP1,0,0
HGS,0,0
RNF41,0,0
CAMKK1,0,0
PPM1A,0,0
MZT1,0,0
NTF4,0,0
CEP20,0,0
RUVBL1,0,0
IKZF2,0,0
SFTPA2,0,0
TBL1X,0,0
PSMA1,0,0
SH2B3,0,0
FCRLB,0,0
RASSF2,0,0
CA11,0,0
BTC,0,0
CCT5,0,0
ARHGAP1,0,0
PSRC1,0,0
RANGAP1,0,0
MAVS,0,0
FES,0,0
ANKRD54,0,0
RABEPK,0,0
VTCN1,0,0
SFTPA1,0,0
RAD23B,0,0
NINJ1,0,0
NPTN,0,0
MED18,0,0
CDC27,0,0
FLI1,0,0
STXBP3,0,0
CEP85,0,0
FLT1,0,0
IGSF3,0,0
INPPL1,0,0
SCAMP3,0,0
VMO1,0,0
VAT1,0,0
DDAH1,0,0
ABL1,0,0
VPS53,0,0
POLR2F,0,0
LPCAT2,0,0
LAT2,0,0
CDKN2D,0,0
LAG3,0,0
CD38,0,0
CNPY4,0,0
CDNF,0,0
LRRC25,0,0
DCTN2,0,0
UBAC1,0,0
ELOA,0,0
ERP44,0,0
KAZALD1,0,0
CES3,0,0
YES1,0,0
DTX3,0,0
OMG,0,0
VPS37A,0,0
RBP5,0,0
AMIGO2,0,0
ADAMTS15,0,0
STAT5B,0,0
SF3B4,0,0
SEPTIN9,0,0
TACC3,0,0
TBC1D23,0,0
AIFM1,0,0
MPI,0,0
KIFBP,0,0
ST3GAL1,0,0
ERBIN,0,0
SRP14,0,0
DSG4,0,0
STX4,0,0
EPHA2,0,0
PFKFB2,0,0
APBB1IP,0,0
RET,0,0
PPME1,0,0
IQGAP2,0,0
OPTC,0,0
DNAJB1,0,0
USO1,0,0
GALNT7,0,0
MUC16,0,0
GCNT1,0,0
SEZ6L2,0,0
RP2,0,0
HS3ST3B1,0,0
PSMD9,0,0
MME,0,0
VNN2,0,0
CD302,0,0
GFRA2,0,0
CA14,0,0
TRIAP1,0,0
PRDX6,0,0
CTSV,0,0
FGF23,0,0
ANGPTL7,0,0
CASP8,0,0
VWA1,0,0
GALNT2,0,0
SCLY,0,0
CRNN,0,0
DAB2,0,0
ADM,0,0
SCG2,0,0
MOG,0,0
HMBS,0,0
CALCOCO1,0,0
NPY,0,0
KLK14,0,0
SLITRK2,0,0
LRIG1,0,0
CAPG,0,0
ACP6,0,0
HBQ1,0,0
HS6ST1,0,0
FXN,0,0
CCN4,0,0
ARG1,0,0
TNFRSF19,0,0
NUCB2,0,0
CD5,0,0
LTA4H,0,0
SORD,0,0
HAGH,0,0
DSG3,0,0
SMOC1,0,0
WFDC12,0,0
WIF1,0,0
CD300LF,0,0
DCTN1,0,0
DPY30,0,0
APEX1,0,0
CPVL,0,0
RILP,0,0
METAP2,0,0
GPC1,0,0
HDGF,0,0
GFRA1,0,0
EBI3_IL27,0,0
SIGLEC9,0,0
KLK4,0,0
ITGB7,0,0
PDCD1,0,0
PPP1R12A,0,0
MDK,0,0
KLK8,0,0
MIA,0,0
ATOX1,0,0
TJAP1,0,0
C4BPB,0,0
CD1C,0,0
FOLR3,0,0
SRC,0,0
VEGFC,0,0
KLK6,0,0
CEACAM1,0,0
CDC37,0,0
CD33,0,0
PLA2G15,0,0
TGFBR2,0,0
NELL1,0,0
TXNDC15,0,0
KLK1,0,0
CTSF,0,0
CIAPIN1,0,0
SIAE,0,0
IL13RA1,0,0
SNAP29,0,0
FGFBP1,0,0
XPNPEP2,0,0
P4HB,0,0
SPARC,0,0
MSRA,0,0
FURIN,0,0
CREG1,0,0
CPXM1,0,0
IL17A,0,0
GALNT3,0,0
IL22RA1,0,0
IL2RB,0,0
MYO9B,0,0
IRAK1,0,0
IL10RA,0,0
EIF5A,0,0
IL3RA,0,0
FXYD5,0,0
CXCL12,0,0
DGKZ,0,0
PADI2,0,0
MVK,0,0
IL5,0,0
IL4,0,0
IL33,0,0
LILRB4,0,0
IL13,0,0
TPT1,0,0
IL17C,0,0
YTHDF3,0,0
TNFAIP8,0,0
LTO1,0,0
ACTN4,0,0
AMBN,0,0
PREB,0,0
IL24,0,0
CEP164,0,0
NBN,0,0
PRKAB1,0,0
PNPT1,0,0
ARTN,0,0
RABGAP1L,0,0
NCLN,0,0
AOC1,0,0
IL20,0,0
RGS8,0,0
IL11,0,0
IL17F,0,0
WAS,0,0
CSF3,0,0
AMN,0,0
IFNG,0,0
LIFR,0,0
ARHGEF12,0,0
PTX3,0,0
EGLN1,0,0
CLEC4A,0,0
TBC1D5,0,0
EPO,0,0
DAPP1,0,0
EDAR,0,0
TRIM5,0,0
STX8,0,0
HLA.E,0,0
CD4,0,0
IL17RB,0,0
SAMD9L,0,0
BTN3A2,0,0
SCRN1,0,0
PROK1,0,0
IKBKG,0,0
NFATC1,0,0
CCL26,0,0
CLEC4C,0,0
PSMG3,0,0
GOPC,0,0
MAP2K6,0,0
NT5C3A,0,0
CASP2,0,0
MAPK9,0,0
BCR,0,0
CLIP2,0,0
CXADR,0,0
IL6.1,0,0
FCAR,0,0
CD83,0,0
IL4R,0,0
IRAK4,0,0
AXIN1,0,0
ANXA11,0,0
MGMT,0,0
CD200R1,0,0
RAB6A,0,0
CLEC4D,0,0
CCL3,0,0
IFNLR1,0,0
TRAF2,0,0
NUB1,0,0
PSPN,0,0
BCL2L11,0,0
SH2D1A,0,0
VASH1,0,0
BID,0,0
PTH1R,0,0
FOXO1,0,0
PLXNA4,0,0
CD70,0,0
TGFA,0,0
PARP1,0,0
FABP9,0,0
SRPK2,0,0
FGF2,0,0
ITM2A,0,0
TGFB1,0,0
TNFSF12,0,0
PRDX5,0,0
TNFRSF11A,0,0
HCLS1,0,0
ADAM23,0,0
IL18R1,0,0
DFFA,0,0
EIF4G1,0,0
SERPINB8,0,0
FASLG,0,0
CCL20,0,0
MMP1,0,0
PGF,0,0
CXCL6,0,0
PCDH1,0,0
CD40LG,0,0
CKAP4,0,0
FKBP1B,0,0
IDS,0,0
BSG,0,0
DNAJA2,0,0
CD244,0,0
C1QA,0,0
HGF,0,0
CTSO,0,0
CLEC7A,0,0
LAMP3,0,0
LAT,0,0
PPP1R9B,0,0
SIGLEC1,0,0
F2R,0,0
CCL23,0,0
CCN2,0,0
NCK2,0,0
TIMP3,0,0
PLA2G4A,0,0
MGLL,0,0
TNFSF13,0,0
DNER,0,0
BTN2A1,0,0
ENPP5,0,0
LAIR1,0,0
CD58,0,0
PTPN6,0,0
FIS1,0,0
CD40,0,0
CRKL,0,0
CCL17,0,0
LHPP,0,0
TPP1,0,0
CRELD2,0,0
CDON,0,0
AGER,0,0
FST,0,0
DAG1,0,0
FSTL3,0,0
TNFRSF14,0,0
CXCL3,0,0
NME3,0,0
CRHBP,0,0
EGF,0,0
CST7,0,0
ERBB3,0,0
MANF,0,0
GLOD4,0,0
OMD,0,0
HSPA1A,0,0
SPINT2,0,0
ANGPT1,0,0
PDGFB,0,0
MATN2,0,0
LTBR,0,0
SCG3,0,0
PDLIM7,0,0
SMOC2,0,0
MZB1,0,0
IL1R2,0,0
ESM1,0,0
ATP5IF1,0,0
SKAP2,0,0
CXCL1,0,0
IL1RN,0,0
CRIM1,0,0
OSCAR,0,0
PON3,0,0
MPIG6B,0,0
B4GALT1,0,0
CXCL9,0,0
SMPDL3A,0,0
EPHA1,0,0
IFNGR1,0,0
CTSC,0,0
DBNL,0,0
GP2,0,0
WASF1,0,0
HK2,0,0
GRK5,0,0
VSTM2L,0,0
TIA1,0,0
MPHOSPH8,0,0
HNRNPK,0,0
VIM,0,0
CRHR1,0,0
TSLP,0,0
SLITRK6,0,0
TCL1B,0,0
DUOX2,0,0
CTF1,0,0
GPR37,0,0
GZMH,0,0
THPO,0,0
CEACAM8,0,0
S100P,0,0
ENTPD5,0,0
ACE2,0,0
PAG1,0,0
USP8,0,0
BMP6,0,0
CTSH,0,0
BAG6,0,0
ADH4,0,0
CLTA,0,0
CEP43,0,0
IRAG2,0,0
COMT,0,0
NPPB,0,0
CNPY2,0,0
SUSD1,0,0
TNF.2,0,0
CA5A,0,0
STK11,0,0
ACTA2,0,0
DCTPP1,0,0
AK1,0,0
ANXA4,0,0
ACOX1,0,0
NTproBNP,0,0
PM20D1,0,0
AHCY,0,0
NECTIN2,0,0
LEPR,0,0
MCFD2,0,0
PPP1R2,0,0
CD2AP,0,0
TINAGL1,0,0
CANT1,0,0
OLR1,0,0
DIABLO,0,0
LACTB2,0,0
FADD,0,0
HMOX1,0,0
SNAP23,0,0
GH1,0,0
SPON2,0,0
LRP11,0,0
SEMA3F,0,0
LEP,0,0
LPL,0,0
CA13,0,0
QDPR,0,0
GHRL,0,0
RNASE3,0,0
CD69,0,0
CXCL5,0,0
MARCO,0,0
ANGPTL1,0,0
PRSS27,0,0
SORT1,0,0
HSPB1,0,0
KYAT1,0,0
DPP7,0,0
PLIN3,0,0
PLPBP,0,0
PRKAR1A,0,0
NPTXR,0,0
GRAP2,0,0
THOP1,0,0
GLRX,0,0
PILRB,0,0
S100A11,0,0
VSIR,0,0
PCDH17,0,0
SNX9,0,0
DOK2,0,0
AGXT,0,0
STK4,0,0
CXCL8.2,0,0
CDH6,0,0
IL19,0,0
PLXNB3,0,0
EIF4EBP1,0,0
APLP1,0,0
IGSF8,0,0
MEP1B,0,0
ADAMTS13,0,0
IL1RL1,0,0
NOTCH3,0,0
TGFBR3,0,0
VWF,0,0
GUSB,0,0
CTSB,0,0
CORO1A,0,0
SELE,0,0
COL6A3,0,0
CST6,0,0
CSTB,0,0
CELA3A,0,0
LILRB2,0,0
ST6GAL1,0,0
AZU1,0,0
PTPRF,0,0
NOTCH1,0,0
SIRPA,0,0
CASP3,0,0
PTPRS,0,0
PDGFA,0,0
GAS6,0,0
RNASET2,0,0
SPP1,0,0
LILRB1,0,0
IGFBP2,0,0
CCL15,0,0
PPIB,0,0
COL18A1,0,0
IGFBP7,0,0
UMOD,0,0
IGFBP1,0,0
CPA1,0,0
SERPINA11,0,0
COL1A1,0,0
PRCP,0,0
REG3A,0,0
CD209,0,0
MB,0,0
TNFRSF10C,0,0
IL2RA,0,0
CD59,0,0
AMY2B,0,0
TCN2,0,0
MET,0,0
ESAM,0,0
VASN,0,0
ART3,0,0
IL18BP,0,0
ANPEP,0,0
NCAM1,0,0
LBP,0,0
PRSS2,0,0
CTSZ,0,0
C1QTNF1,0,0
APOM,0,0
TIMD4,0,0
ITGB1,0,0
CD14,0,0
SELP,0,0
CD46,0,0
HSPG2,0,0
IL6R,0,0
SOD1,0,0
FCGR2A,0,0
LCN2,0,0
CR2,0,0
VCAM1,0,0
IGFBP3,0,0
CST3,0,0
CA1,0,0
CCL5,0,0
TGFBI,0,0
TIMP1,0,0
TNC,0,0
CD163,0,0
ANG,0,0
FETUB,0,0
IDI2,0,0
LIF,0,0
GLT8D2,0,0
FHIT,0,0
KIRREL2,0,0
CLSTN1,0,0
PTK7,0,0
KEL,0,0
WASF3,0,0
BRK1,0,0
FMNL1,0,0
HMOX2,0,0
KLB,0,0
AKT1S1,0,0
GHRHR,0,0
ATP6V1F,0,0
TBC1D17,0,0
GPKOW,0,0
CASP10,0,0
GGA1,0,0
C2CD2L,0,0
XRCC4,0,0
TARBP2,0,0
PTS,0,0
NXPH1,0,0
PMVK,0,0
VSTM1,0,0
SLC39A14,0,0
ING1,0,0
CASP1,0,0
ILKAP,0,0
BAX,0,0
CERT,0,0
CARHSP1,0,0
KRT5,0,0
SLIT2,0,0
NOS1,0,0
EPHA10,0,0
NDRG1,0,0
IFNL1,0,0
SMARCA2,0,0
COPE,0,0
ATF2,0,0
KRT14,0,0
ARID4B,0,0
SCARB1,0,0
AMFR,0,0
MMP13,0,0
CDHR1,0,0
IL34,0,0
HSP90B1,0,0
MAPT,0,0
CLSPN,0,0
PADI4,0,0
PLIN1,0,0
CETN2,0,0
STK24,0,0
ATP5PO,0,0
KCNIP4,0,0
SLC27A4,0,0
RAB6B,0,0
PAK4,0,0
SIRT5,0,0
LYPD1,0,0
PXN,0,0
MDGA1,0,0
TXLNA,0,0
MASP1,0,0
STAMBP,0,0
DPEP1,0,0
MAP4K5,0,0
IL18RAP,0,0
PPP3R1,0,0
DARS1,0,0
SKAP1,0,0
IMPA1,0,0
PTPN1,0,0
GGT5,0,0
IL6.3,0,0
NMNAT1,0,0
PSG1,0,0
EBAG9,0,0
ULBP2,0,0
NGF,0,0
ABHD14B,0,0
CRADD,0,0
SPOCK1,0,0
PAEP,0,0
APRT,0,0
DNMBP,0,0
CC2D1A,0,0
MITD1,0,0
NPM1,0,0
PRDX1,0,0
TNFRSF6B,0,0
FRZB,0,0
PSME1,0,0
LAYN,0,0
BAG3,0,0
CCS,0,0
IPCEF1,0,0
AFP,0,0
EPHB6,0,0
SFRP1,0,0
TNFRSF9,0,0
RBKS,0,0
PSME2,0,0
TBCB,0,0
PLA2G10,0,0
CLPP,0,0
CXCL8.3,0,0
BCAN,0,0
ACVRL1,0,0
LXN,0,0
CCL2,0,0
CHMP1A,0,0
NAAA,0,0
EFNA4,0,0
WFIKKN1,0,0
IFNGR2,0,0
TBCC,0,0
TMPRSS5,0,0
GLB1,0,0
LBR,0,0
LAMP2,0,0
ANXA3,0,0
ENO1,0,0
ADAM8,0,0
CD74,0,0
DKK1,0,0
FABP5,0,0
GOLM2,0,0
CDH3,0,0
DDR1,0,0
CD300C,0,0
PVR,0,0
TXNDC5,0,0
STC1,0,0
RWDD1,0,0
EZR,0,0
MMP8,0,0
PDCD5,0,0
NSFL1C,0,0
SERPINB6,0,0
CD34,0,0
VCAN,0,0
PPCDC,0,0
SULT1A1,0,0
SUMF2,0,0
ENO2,0,0
SCARF2,0,0
TNFRSF8,0,0
THY1,0,0
BST1,0,0
TNFRSF21,0,0
NCAN,0,0
CTSS,0,0
NTRK3,0,0
LRPAP1,0,0
CLEC1B,0,0
FOLR2,0,0
JAM2,0,0
PLAU,0,0
EFNA1,0,0
IL1RAP,0,0
FYB1,0,0
BLVRB,0,0
RELT,0,0
DBI,0,0
IGF2R,0,0
SPINK5,0,0
CA2,0,0
CTRB1,0,0
F11R,0,0
LILRA2,0,0
CLPS,0,0
IGFBP4,0,0
GRN,0,0
HARS1,0,0
PEBP1,0,0
SERPINB1,0,0
IL17RA,0,0
CLEC11A,0,0
DSG2,0,0
INHBC,0,0
PIK3IP1,0,0
NCAM2,0,0
SPINK1,0,0
MESD,0,0
CD99,0,0
NUDT5,0,0
IL1R1,0,0
TMSB10,0,0
TREML2,0,0
TXNRD1,0,0
ARSA,0,0
ITGA5,0,0
BIN2,0,0
CGA,0,0
APP,0,0
APOH,0,0
MIF,0,0
STIP1,0,0
AHSP,0,0
DSC2,0,0
CD164,0,0
SIGLEC5,0,0
MPO,0,0
PIGR,0,0
THBS2,0,0
TNFRSF1A,0,0
PARK7,0,0
PLA2G7,0,0
TNXB,0,0
ALDH1A1,0,0
PILRA,0,0
HADH,0,0
GAMT,0,0
NFYA,0,0
ENPEP,0,0
EDEM2,0,0
DHODH,0,0
RIPK4,0,0
GBP6,0,0
HSD17B3,0,0
MTR,0,0
SAT1,0,0
IGF2BP3,0,0
NFKB1,0,0
ANK2,0,0
LILRA4,0,0
B3GAT3,0,0
ARL13B,0,0
ATP6V1G2,0,0
ARNTL,0,0
NUDT15,0,0
TEF,0,0
SCGB2A2,0,0
NEB,0,0
SART1,0,0
EXTL1,0,0
NPR1,0,0
ZCCHC8,0,0
ATP1B2,0,0
ARL2BP,0,0
RAB33A,0,0
ATP1B1,0,0
PMM2,0,0
DDA1,0,0
ELOB,0,0
TRPV3,0,0
ABRAXAS2,0,0
GUK1,0,0
PROCR,0,0
PDZD2,0,0
ENOX2,0,0
SPINK8,0,0
TMED4,0,0
EIF5,0,0
ASS1,0,0
UHRF2,0,0
PMCH,0,0
COPB2,0,0
GP1BB,0,0
FDX1,0,0
ATP5F1D,0,0
ACSL1,0,0
UGDH,0,0
PDE4D,0,0
RYR1,0,0
NECAP2,0,0
RBM19,0,0
BRD3,0,0
ERVV.1,0,0
TSPAN15,0,0
UBQLN3,0,0
SHD,0,0
NUP50,0,0
KIF22,0,0
CSRP3,0,0
CBX2,0,0
BRDT,0,0
C1GALT1C1,0,0
YOD1,0,0
PALM3,0,0
CSDE1,0,0
PKD2,0,0
TSNAX,0,0
PACS2,0,0
RTKN2,0,0
DENND2B,0,0
BHMT2,0,0
THRAP3,0,0
TRAF3IP2,0,0
NOP56,0,0
SKIV2L,0,0
LAMA1,0,0
TPM3,0,0
GCLM,0,0
MYH4,0,0
CACNA1H,0,0
ATP1B3,0,0
ADRA2A,0,0
TMED10,0,0
RPS10,0,0
HIP1,0,0
FHIP2A,0,0
NAA10,0,0
LRCH4,0,0
ACTN2,0,0
MAP1LC3B2,0,0
NXPE4,0,0
BECN1,0,0
COMMD1,0,0
SCRIB,0,0
EHD3,0,0
IDO1,0,0
ENTR1,0,0
HSBP1,0,0
RECK,0,0
AAMDC,0,0
RNASE10,0,0
CEP170,0,0
KHK,0,0
ATP6V1G1,0,0
HS1BP3,0,0
ANXA2,0,0
NFE2,0,0
SEC31A,0,0
EIF2S2,0,0
NAGK,0,0
CRYZL1,0,0
MECR,0,0
SCN4B,0,0
LAMB1,0,0
B3GNT7,0,0
ASRGL1,0,0
RPL14,0,0
CNP,0,0
COL2A1,0,0
TMEM132A,0,0
DLL4,0,0
HSDL2,0,0
RBPMS2,0,0
RANBP1,0,0
INPP5D,0,0
SIGLEC8,0,0
VIPR1,0,0
TOR1AIP1,0,0
SEL1L,0,0
CBS,0,0
OPLAH,0,0
AIF1L,0,0
SNED1,0,0
PAGR1,0,0
SIL1,0,0
IGSF21,0,0
SNX5,0,0
RNF5,0,0
DNAJC6,0,0
FAM172A,0,0
CALCOCO2,0,0
EPPK1,0,0
MYL3,0,0
GRHPR,0,0
GGACT,0,0
BNIP2,0,0
NT5C,0,0
MYBPC1,0,0
PTGR1,0,0
SPESP1,0,0
MMP15,0,0
EHBP1,0,0
GET3,0,0
GGCT,0,0
COCH,0,0
DTYMK,0,0
SRPX,0,0
TIMP2,0,0
CRYBB1,0,0
PDAP1,0,0
RAB11FIP3,0,0
CHMP6,0,0
NPL,0,0
SARG,0,0
EEF1D,0,0
NIT2,0,0
TPK1,0,0
SYTL4,0,0
GMFG,0,0
RILPL2,0,0
PGD,0,0
CDA,0,0
LILRA6,0,0
ADGRF5,0,0
PPM1F,0,0
FABP3,0,0
TOMM20,0,0
RAB27B,0,0
ADAMTSL5,0,0
TIMM10,0,0
BPIFB2,0,0
MYDGF,0,0
SERPINE2,0,0
CMC1,0,0
LRRC59,0,0
COL3A1,0,0
MYH9,0,0
TNFSF8,0,0
PPIF,0,0
TWF2,0,0
SHISA5,0,0
CTHRC1,0,0
CD248,0,0
FGFBP2,0,0
COL15A1,0,0
CSPG4,0,0
CILP,0,0
CKB,0,0
STAB2,0,0
IGDCC4,0,0
SLURP1,0,0
CLEC4M,0,0
NOTCH2,0,0
CELA2A,0,0
GM2A,0,0
TALDO1,0,0
ASAH1,0,0
GOT1,0,0
PSAP,0,0
CTLA4,0,0
KLK3,0,0
DDT,0,0
BDNF,0,0
PDIA4,0,0
ERMAP,0,0
NPHS1,0,0
FGF3,0,0
NECTIN1,0,0
DGKA,0,0
DBN1,0,0
PDZK1,0,0
IL36G,0,0
CLEC12A,0,0
CSF2RB,0,0
VEGFB,0,0
VAMP8,0,0
EIF4E,0,0
SCRIB.1,0,0
TOP2B,0,0
IDO1.1,0,0
NXPH3,0,0
INSR,0,0
RALB,0,0
NUMB,0,0
NFAT5,0,0
LATS1,0,0
ACP1,0,0
BNIP3L,0,0
CSF3R,0,0
ADAMTS1,0,0
CASP9,0,0
SEMA6C,0,0
GIT1,0,0
FGF16,0,0
STAT2,0,0
ITGAL,0,0
MTDH,0,0
NME1,0,0
WASL,0,0
TP53BP1,0,0
ADAMTS4,0,0
IL36A,0,0
RNF31,0,0
BAG4,0,0
IL31RA,0,0
THSD1,0,0
TRAF3,0,0
TERF1,0,0
HS6ST2,0,0
CA8,0,0
SUMF1,0,0
IL31,0,0
XIAP,0,0
CSNK1D,0,0
DDX39A,0,0
C1QL2,0,0
SHH,0,0
ANKMY2,0,0
EVI5,0,0
RAP1A,0,0
RPA2,0,0
FGF12,0,0
PRR5,0,0
CEBPA,0,0
FGF20,0,0
PGR,0,0
IL20RB,0,0
NPHS2,0,0
RELB,0,0
PIKFYVE,0,0
EP300,0,0
SIRT1,0,0
POLR2A,0,0
IL21R,0,0
ST8SIA1,0,0
FGF6,0,0
PALLD,0,0
FOXJ3,0,0
YY1,0,0
UNC5D,0,0
CD3G,0,0
GAD2,0,0
REPS1,0,0
BCL2L15,0,0
CEMIP2,0,0
IGFL4,0,0
MCEMP1,0,0
TGFBR1,0,0
NEDD9,0,0
DAPK2,0,0
RNF168,0,0
RBPMS,0,0
NAGA,0,0
SLITRK1,0,0
TSPYL1,0,0
ACRV1,0,0
DAND5,0,0
EDNRB,0,0
IL12RB2,0,0
SPRED2,0,0
HIF1A,0,0
KDM3A,0,0
UBE2Z,0,0
FOLH1,0,0
DDX4,0,0
RICTOR,0,0
HDAC8,0,0
PTPN9,0,0
AKAP12,0,0
PDIA3,0,0
GHR,0,0
BMP10,0,0
CD300A,0,0
ACHE,0,0
APPL2,0,0
PAXX,0,0
GLA,0,0
MENT,0,0
PSTPIP2,0,0
GNPDA2,0,0
TPD52L2,0,0
PCBD1,0,0
GP5,0,0
DNAJB6,0,0
BMPER,0,0
TBCA,0,0
ANXA1,0,0
C1QTNF5,0,0
C1QTNF9,0,0
PRKG1,0,0
GMPR2,0,0
ST13,0,0
SNCA,0,0
RABEP1,0,0
SFRP4,0,0
CACYBP,0,0
SUSD5,0,0
PINLYP,0,0
KLK7,0,0
ARHGAP45,0,0
UBXN1,0,0
ADD1,0,0
SPART,0,0
DCTD,0,0
MARS1,0,0
GAPDH,0,0
RLN2,0,0
UROD,0,0
SERPINI1,0,0
YWHAQ,0,0
LEG1,0,0
PTRHD1,0,0
ERP29,0,0
HEG1,0,0
DTD1,0,0
CST1,0,0
PDE5A,0,0
TNFAIP8L2,0,0
SLC9A3R1,0,0
GCHFR,0,0
TP53I3,0,0
PHYKPL,0,0
SYAP1,0,0
LZTFL1,0,0
MOCS2,0,0
VTI1A,0,0
NAGPA,0,0
SNX15,0,0
CHAD,0,0
DNAJB2,0,0
GLRX5,0,0
DAAM1,0,0
OLFM4,0,0
PENK,0,0
CSF1R,0,0
F10,0,0
APOA2,0,0
MRC1,0,0
CR1,0,0
PGA4,0,0
FGL1,0,0
PON1,0,0
AHSG,0,0
AGT,0,0
CAT,0,0
GSN,0,0
CRISP3,0,0
CSH1,0,0
PRDX2,0,0
MDH1,0,0
TXN,0,0
APOB,0,0
NRGN,0,0
ASGR2,0,0
GPI,0,0
RNASE6,0,0
FCN1,0,0
TGOLN2,0,0
VASP,0,0
PNLIP,0,0
C8B,0,0
CFHR2,0,0
C1RL,0,0
F2,0,0
SERPINA7,0,0
B2M,0,0
SAA4,0,0
QSOX1,0,0
PZP,0,0
C1S,0,0
CLU,0,0
CPB2,0,0
ECM1,0,0
F12,0,0
IGLC2,0,0
SERPINA6,0,0
CLEC3B,0,0
SERPINF1,0,0
MBL2,0,0
KLKB1,0,0
PPBP,0,0
GC,0,0
ITIH4,0,0
PF4,0,0
C7,0,0
A1BG,0,0
F11,0,0
SERPINA4,0,0
F13B,0,0
TTR,0,0
TF,0,0
CFP,0,0
FN1,0,0
ADIPOQ,0,0
APOC1,0,0
SERPINA1,0,0
LRG1,0,0
C1R,0,0
BTD,0,0
ADGRV1,0,0
NLGN2,0,0
LMOD2,0,0
HTR1B,0,0
RRP15,0,0
MAP1LC3A,0,0
CORO6,0,0
ARHGEF5,0,0
SAG,0,0
CDH4,0,0
SPTBN2,0,0
DCUN1D1,0,0
ECSCR,0,0
HDAC9,0,0
SCN2A,0,0
MYOM1,0,0
DOCK9,0,0
BOLA1,0,0
CACNA1C,0,0
IL13RA2,0,0
CSPG5,0,0
BCAT2,0,0
STEAP4,0,0
DEFB104A_DEFB104B,0,0
ATXN2,0,0
CBLN1,0,0
ARMCX2,0,0
AGBL2,0,0
VAV3,0,0
CDKL5,0,0
SYNGAP1,0,0
TJP3,0,0
TUBB3,0,0
ZPR1,0,0
GABRA4,0,0
SCN3B,0,0
CNGB3,0,0
ELAVL4,0,0
KLRC1,0,0
BLOC1S2,0,0
SCIN,0,0
DEFB118,0,0
DGCR6,0,0
ITPRIP,0,0
ARID3A,0,0
IGDCC3,0,0
CNTF,0,0
GLP1R,0,0
RANBP2,0,0
KCNC4,0,0
IMPG1,0,0
LYPLA2,0,0
FZD8,0,0
GPR101,0,0
CACNB1,0,0
CEND1,0,0
DEFB116,0,0
HTR1A,0,0
OTOA,0,0
BRD2,0,0
CD3D,0,0
ART5,0,0
TP73,0,0
ERC2,0,0
CLEC2L,0,0
TRIM40,0,0
EPB41L5,0,0
FARSA,0,0
MICALL2,0,0
DDX25,0,0
NAA80,0,0
LRFN2,0,0
FRMD7,0,0
KCNH2,0,0
NLGN1,0,0
NRXN3,0,0
CRTAP,0,0
PGM2,0,0
LRTM1,0,0
CUZD1,0,0
CADPS,0,0
PSMD5,0,0
HNF1A,0,0
GNGT1,0,0
CASC3,0,0
CD164L2,0,0
TBR1,0,0
DYNLT1,0,0
SLC1A4,0,0
TPBGL,0,0
CHRM1,0,0
MFAP3L,0,0
STX1B,0,0
DUSP29,0,0
MYL6B,0,0
TARM1,0,0
PFDN6,0,0
MSLNL,0,0
TMCO5A,0,0
PRKAG3,0,0
PMS1,0,0
DDX53,0,0
MDM1,0,0
GTPBP2,0,0
PPT1,0,0
SCT,0,0
CAMLG,0,0
DCC,0,0
LRP2BP,0,0
MN1,0,0
TDO2,0,0
CNTNAP4,0,0
PDRG1,0,0
RBP1,0,0
EFNB2,0,0
AIDA,0,0
CLGN,0,0
RAC3,0,0
RPGR,0,0
LRP2,0,0
RRAS,0,0
PTH,0,0
GBA,0,0
TEX101,0,0
CHM,0,0
CCDC28A,0,0
GRIK2,0,0
SPAG1,0,0
SOX2,0,0
TPSD1,0,0
MYO6,0,0
FCER1A,0,0
MYCBP2,0,0
PAFAH1B3,0,0
RGS10,0,0
DNM3,0,0
VWC2L,0,0
PCBP2,0,0
FAM171A2,0,0
GNAS,0,0
PHACTR2,0,0
EDF1,0,0
PPP1R14A,0,0
SAFB2,0,0
GPR158,0,0
SLA2,0,0
SNAPIN,0,0
GOLGA3,0,0
RNASEH2A,0,0
ELAC1,0,0
RTN4IP1,0,0
SUOX,0,0
MCEE,0,0
RBM17,0,0
NARS1,0,0
MRPL58,0,0
HNRNPUL1,0,0
SATB1,0,0
FGD3,0,0
BRSK2,0,0
DDHD2,0,0
EFHD1,0,0
SCRIB.2,0,0
IDO1.2,0,0
STXBP1,0,0
ASPSCR1,0,0
PSMD1,0,0
IGBP1,0,0
PIBF1,0,0
GIGYF2,0,0
PDLIM5,0,0
OTUD7B,0,0
FKBP14,0,0
NEO1,0,0
VGF,0,0
LDLRAP1,0,0
CAMSAP1,0,0
DLG4,0,0
DHRS4L2,0,0
CDH23,0,0
SEPTIN8,0,0
DXO,0,0
GAST,0,0
USP28,0,0
OPHN1,0,0
PLEKHO1,0,0
SYT1,0,0
STX3,0,0
CLSTN3,0,0
PRSS53,0,0
WASHC3,0,0
C7orf50,0,0
PALM2,0,0
HSD17B14,0,0
PTPRR,0,0
CALCB,0,0
NT5C1A,0,0
TMPRSS11D,0,0
DNAJC21,0,0
VSNL1,0,0
BLOC1S3,0,0
HHEX,0,0
FGFBP3,0,0
PLB1,0,0
IMPACT,0,0
NAPRT,0,0
NGRN,0,0
CHCHD10,0,0
AP3S2,0,0
PRKAR2A,0,0
TNIP1,0,0
TXNDC9,0,0
TAX1BP1,0,0
CDAN1,0,0
INSL3,0,0
SNRPB2,0,0
ARHGEF1,0,0
CASP7,0,0
HDGFL2,0,0
FTCD,0,0
ZHX2,0,0
HIP1R,0,0
AK2,0,0
SH3GLB2,0,0
PLSCR3,0,0
GCC1,0,0
KCTD5,0,0
ATXN3,0,0
BAP18,0,0
HEPACAM2,0,0
BCL2L1,0,0
PLCB2,0,0
MINK1,0,0
SSH3,0,0
BCL7A,0,0
SLC28A1,0,0
SHC1,0,0
TAGLN3,0,0
MRPL52,0,0
DCLRE1C,0,0
FGF7,0,0
IL25,0,0
MANEAL,0,0
TMOD4,0,0
CEP152,0,0
EVI2B,0,0
IL3,0,0
ATP1B4,0,0
DCUN1D2,0,0
H2AP,0,0
TOP1MT,0,0
TPRKB,0,0
RBM25,0,0
BTLA,0,0
MORF4L2,0,0
PCNA,0,0
ATF4,0,0
NMRK2,0,0
PRAME,0,0
GAD1,0,0
PDCL2,0,0
MUCL3,0,0
JMJD1C,0,0
ANKRA2,0,0
HMMR,0,0
ESPL1,0,0
MAPRE3,0,0
VCPKMT,0,0
LYZL2,0,0
UNC79,0,0
CREB3,0,0
CDC25A,0,0
ARHGAP5,0,0
KIR3DL2,0,0
CLASP1,0,0
FGF9,0,0
GIMAP8,0,0
SMC3,0,0
SPRING1,0,0
VWA5A,0,0
GAGE2A,0,0
PSMC3,0,0
PDE1C,0,0
BEX3,0,0
SLC34A3,0,0
MAPK13,0,0
CREBZF,0,0
TRIM26,0,0
STAU1,0,0
RASGRF1,0,0
PITHD1,0,0
STOML2,0,0
BSND,0,0
ZP4,0,0
CPLX2,0,0
GJA8,0,0
CYTH3,0,0
PDXDC1,0,0
COL9A2,0,0
MORF4L1,0,0
NFKB2,0,0
BRD1,0,0
GADD45B,0,0
TXK,0,0
HRAS,0,0
GTF2IRD1,0,0
TCP11,0,0
OFD1,0,0
LSM8,0,0
PRUNE2,0,0
VSTM2B,0,0
ALMS1,0,0
CASP4,0,0
ACADM,0,0
ID4,0,0
GAS2,0,0
PAFAH2,0,0
CEP290,0,0
TAP1,0,0
PTTG1,0,0
MNAT1,0,0
CINP,0,0
CENPF,0,0
TNPO1,0,0
MAGEA3,0,0
CDH22,0,0
COL4A4,0,0
TRDMT1,0,0
RAPGEF2,0,0
EPN1,0,0
GABARAPL1,0,0
MTUS1,0,0
CCND2,0,0
ERI1,0,0
GUCY2C,0,0
TAB2,0,0
TIGIT,0,0
MAPKAPK2,0,0
SPRR1B,0,0
RGL2,0,0
IL9,0,0
CTAG1A_CTAG1B,0,0
OGT,0,0
CD3E,0,0
MTHFSD,0,0
SAT2,0,0
KIAA1549,0,0
CEACAM20,0,0
PKN3,0,0
KIAA1549L,0,0
CENPJ,0,0
RNF4,0,0
SAP18,0,0
RPE,0,0
PPIE,0,0
UPK3BL1,0,0
SLK,0,0
ENSA,0,0
RCC1,0,0
DHPS,0,0
GPD1,0,0
PPP1CC,0,0
BTN1A1,0,0
EDDM3B,0,0
WFDC1,0,0
LACRT,0,0
UBE2B,0,0
NDST1,0,0
EPGN,0,0
THTPA,0,0
RFC4,0,0
RALY,0,0
VPS4B,0,0
COMMD9,0,0
ERN1,0,0
NACC1,0,0
DTNB,0,0
IMMT,0,0
SUSD4,0,0
MINDY1,0,0
TDP1,0,0
YJU2,0,0
MTSS2,0,0
TMEM106A,0,0
NUBP1,0,0
CCDC134,0,0
GABARAP,0,0
LMOD1.3,0,0
TGFB2,0,0
SMAD3,0,0
MPRIP,0,0
TADA3,0,0
HSPA2,0,0
STAM,0,0
USP25,0,0
ITIH5,0,0
KIR2DL2,0,0
FAM171B,0,0
ARG2,0,0
GPRC5C,0,0
DYNC1H1,0,0
LRRFIP1,0,0
RAB44,0,0
ZNRF4,0,0
AP1G2,0,0
ZNF830,0,0
S100A3,0,0
SMAD2,0,0
NENF,0,0
KIR2DS4,0,0
GORASP2,0,0
SH3BP1,0,0
LRRC37A2,0,0
TNFAIP2,0,0
TOP1,0,0
ZNRD2,0,0
ATRAID,0,0
ZFYVE19,0,0
SSNA1,0,0
SCRIB.3,0,0
DNM1,0,0
EFCAB14,0,0
PTPRK,0,0
PSAPL1,0,0
NAP1L4,0,0
SWAP70,0,0
AP3B1,0,0
CWC15,0,0
KAZN,0,0
TRIM25,0,0
ADGRE1,0,0
NUDT16,0,0
CDC42BPB,0,0
IFI30,0,0
BRAP,0,0
CDC26,0,0
SPINT3,0,0
CYB5R2,0,0
MTIF3,0,0
PCDH9,0,0
GLIPR1,0,0
DDX1,0,0
PCYT2,0,0
JPT2,0,0
NDUFB7,0,0
SUGP1,0,0
CETN3,0,0
UFD1,0,0
OTUD6B,0,0
ADAM9,0,0
C9orf40,0,0
NCR3LG1,0,0
MTSS1,0,0
YARS1,0,0
EGFLAM,0,0
IST1,0,0
ENDOU,0,0
FKBPL,0,0
CD86,0,0
LMNB1,0,0
CIRBP,0,0
TMED8,0,0
FAM13A,0,0
ATG16L1,0,0
PHLDB1,0,0
MAP2K1,0,0
SMNDC1,0,0
